순위,캐테고리,채널명,구독자수,총조회수,비디오수
1,음악/댄스/가수,BLACKPINK,70200000,21457090000,395
2,음악/댄스/가수,HYBE LABELS,63000000,20496840000,725
3,음악/댄스/가수,BANGTANTV,61500000,14077940000,1646
4,음악/댄스/가수,SMTOWN,29300000,23016410000,3779
5,키즈/어린이,Boram Tube Vlog [보람튜브 브이로그],26500000,11052880000,223
6,음악/댄스/가수,1MILLION Dance Studio,24600000,6930370000,3396
7,음악/댄스/가수,1theK (원더케이),23700000,21358840000,15675
8,음악/댄스/가수,JYP Entertainment,23000000,15004820000,1429
9,음악/댄스/가수,Mnet K-POP,19000000,13974230000,26841
10,음악/댄스/가수,JFlaMusic,17400000,3501980000,281
11,TV/방송,KBS WORLD TV,17200000,12905050000,54160
12,음식/요리/레시피,Jane ASMR 제인,15500000,5510780000,1300
13,음악/댄스/가수,officialpsy,15300000,8844390000,91
14,미분류,AdeleVEVO,15200000,10505050000,49
15,음악/댄스/가수,BIGBANG,13900000,6835120000,773
16,음악/댄스/가수,TWICE,12600000,2692060000,705
17,미분류,Saturday Night Live,12400000,12565100000,7780
18,음식/요리/레시피,Hongyu ASMR 홍유,10900000,3144660000,421
19,키즈/어린이,Nao FunFun,10700000,4450000,37
21,음악/댄스/가수,Stone Music Entertainment,10100000,8264600000,8335
20,키즈/어린이,DuDuPopTOY,10100000,4523780000,1909
22,키즈/어린이,핑크퐁 (인기 동요・동화),9930000,6000450000,2386
23,TV/방송,MBCkpop,9610000,7627260000,41620
24,키즈/어린이,Toymong tv 토이몽TV,9560000,3950230000,1925
25,키즈/어린이,Larva TUBA,9530000,4177810000,2986
26,키즈/어린이,서은이야기[SeoeunStory],9420000,4059810000,1051
27,음악/댄스/가수,Mnet TV,8670000,10085260000,19204
28,음악/댄스/가수,EXO,8540000,529000000,218
29,뉴스/정치/사회,MBCentertainment,8490000,14898780000,88219
30,음악/댄스/가수,iKON,8420000,2161740000,470
31,음식/요리/레시피,[햄지]Hamzy,8400000,2503380000,368
32,음악/댄스/가수,TOMORROW X TOGETHER OFFICIAL,8290000,584700000,906
33,음악/댄스/가수,Stray Kids,8050000,1314470000,520
34,TV/방송,M2,7840000,5972430000,15055
35,해외,Serie A,7660000,2585610000,21226
36,키즈/어린이,MariAndKids,7530000,2321200000,809
37,키즈/어린이,SonicToy소닉토이,7260000,3005250000,163
38,음악/댄스/가수,SEVENTEEN,7250000,2387630000,969
39,음악/댄스/가수,이지금 [IU Official],7150000,1150010000,134
40,음식/요리/레시피,쏘영 Ssoyoung,7090000,1036380000,594
41,뉴스/정치/사회,JTBC Entertainment,7000000,10106300000,66614
42,음식/요리/레시피,문복희 Eat with Boki,6990000,1641030000,500
43,음악/댄스/가수,Sungha Jung,6790000,1890640000,1282
44,미분류,DJSnakeVEVO,6590000,6437220000,51
45,TV/방송,KBS Kpop,6550000,5094690000,30708
46,음악/댄스/가수,ALL THE K-POP,6520000,4001120000,21040
48,미분류,Pixar,6510000,3204930000,691
47,음악/댄스/가수,YG ENTERTAINMENT,6510000,1657980000,389
49,음악/댄스/가수,MAMAMOO,6380000,1785590000,623
50,음악/댄스/가수,ITZY,6310000,1189220000,497
51,TV/방송,스브스케이팝 / SBS KPOP,6190000,4239860000,27486
52,키즈/어린이,서은일상이야기,6140000,2315810000,618
53,음악/댄스/가수,GOT7,6130000,778110000,579
54,TV/방송,SBS Entertainment,5940000,7060390000,218557
56,회사/오피셜,Samsung,5920000,1274960000,1629
55,TV/방송,tvN drama,5920000,6033590000,37708
57,패션/미용,PONY Syndrome,5890000,363260000,195
58,TV/방송,SBS Drama,5780000,6107230000,341671
59,키즈/어린이,[장난감티비]TOYTV,5760000,2814870000,1520
60,키즈/어린이,미니특공대TV,5680000,3197110000,1172
61,키즈/어린이,스위트티비 SweetTV,5610000,2706040000,511
62,음식/요리/레시피,야미보이 Yummyboy,5500000,1999430000,897
63,음악/댄스/가수,2NE1,5370000,1993970000,321
64,음식/요리/레시피,백종원의 요리비책 Paik's Cuisine,5230000,576470000,365
65,키즈/어린이,콩순이 • 시크릿 쥬쥬 [Kongsuni • Secret Jouju],5190000,4609770000,1280
66,BJ/인물/연예인,[Awesome Haeun]어썸하은,5170000,817970000,512
67,음식/요리/레시피,tzuyang쯔양,5000000,762910000,289
68,음악/댄스/가수,starshipTV,4970000,2896080000,1987
69,키즈/어린이,ToyMart TV,4920000,2149150000,651
70,키즈/어린이,베이비버스 -인기 동요・동화,4880000,3300420000,1333
71,키즈/어린이,TOY GUMA,4810000,1587890000,306
72,음악/댄스/가수,BT21,4780000,392300000,208
73,뉴스/정치/사회,SBS NOW / SBS 공식 채널,4750000,4754900000,20468
74,음악/댄스/가수,TREASURE (트레저),4680000,932870000,288
75,음악/댄스/가수,Red Velvet,4620000,715610000,153
76,TV/방송,KBS Entertain,4600000,7408330000,102574
81,음악/댄스/가수,NCT,4580000,326820000,247
77,키즈/어린이,With Kids Playground [위드키즈 놀이터],4580000,1716340000,411
78,음식/요리/레시피,떵개떵,4570000,2602700000,4434
79,음식/요리/레시피,푸메Fume,4560000,935920000,499
80,음악/댄스/가수,ASTRO 아스트로,4540000,448380000,470
83,키즈/어린이,뽀로로(Pororo),4480000,6066130000,3695
82,BJ/인물/연예인,영국남자 Korean Englishman,4480000,1454470000,444
84,TV/방송,MBCdrama,4470000,5052550000,54871
85,음식/요리/레시피,하루한끼 one meal a day,4400000,427920000,172
86,TV/방송,채널 NCT DAILY,4310000,762190000,467
87,음식/요리/레시피,Cooking tree 쿠킹트리,4290000,399840000,1179
88,키즈/어린이,슈슈토이 Shushu ToysReview,4280000,1602530000,634
89,음악/댄스/가수,NCT 127,4270000,482260000,289
93,게임,EA SPORTS FIFA,4250000,803080000,795
92,음악/댄스/가수,NCT DREAM,4250000,479110000,244
91,TV/방송,JTBC Drama,4250000,4359340000,23431
90,애완/반려동물,SBS TV동물농장x애니멀봐,4250000,3887770000,3182
94,음악/댄스/가수,Raon Lee,4230000,956190000,294
95,음식/요리/레시피,까니짱 [ G-NI ],4200000,1107290000,535
96,키즈/어린이,로미유 스토리[Romiyu Story],4170000,1095240000,434
97,음식/요리/레시피,[Dorothy]도로시,4160000,998000000,905
98,취미/라이프,JaeYeol ASMR 재열,3980000,1096060000,1018
99,키즈/어린이,CoCosToy 꼬꼬스토이,3880000,2187780000,652
100,BJ/인물/연예인,허팝Heopop,3840000,3260020000,1900
101,TV/방송,워크맨-Workman,3790000,743430000,154
103,애완/반려동물,크림히어로즈,3780000,1415780000,1011
102,음악/댄스/가수,WINNER,3780000,1204270000,446
104,키즈/어린이,Lime Tube[라임튜브],3740000,2646690000,1808
105,BJ/인물/연예인,waveya 2011,3730000,1356390000,710
106,음악/댄스/가수,백현 Baekhyun,3690000,46310000,16
107,BJ/인물/연예인,ARTBEAT,3640000,945030000,1202
108,키즈/어린이,Milana FamilyShow[EN],3620000,984010000,187
109,TV/방송,채널 십오야,3610000,748380000,510
110,TV/방송,TV-People,3600000,4063220000,18282
111,TV/방송,KBS Drama,3560000,4459100000,116772
112,회사/오피셜,Billboard,3480000,1165110000,7077
113,TV/방송,딩고 뮤직 / dingo music,3460000,1273920000,1609
114,키즈/어린이,제이제이 튜브 [JJ Tube],3450000,2165340000,500
115,취미/라이프,drawholic,3430000,383690000,355
117,음악/댄스/가수,ROSÉ Official,3350000,13090000,3
116,TV/방송,솔라시도 solarsido,3350000,213570000,272
119,TV/방송,tvN,3330000,4859780000,60957
118,키즈/어린이,리월드RIWORLD,3330000,1255450000,181
120,음악/댄스/가수,KARD,3300000,615770000,315
122,음악/댄스/가수,(G)I-DLE (여자)아이들 (Official YouTube Channel),3280000,1024920000,203
121,키즈/어린이,EBS 키즈,3280000,4153180000,19343
123,키즈/어린이,미니팡TV,3260000,2265520000,634
124,음악/댄스/가수,STUDIO CHOOM [스튜디오 춤],3240000,1295950000,808
125,음악/댄스/가수,imlisarhee,3230000,455590000,576
126,키즈/어린이,키즈팡TV,3210000,2005360000,1951
127,키즈/어린이,럭키강이 LuckyKang i,3170000,1373260000,1278
128,키즈/어린이,MariAndToys,3150000,569790000,208
129,미분류,MayTree,3140000,480910000,151
130,TV/방송,tvN D ENT,3130000,5763920000,16284
131,영화/만화/애니,장삐쭈,3080000,1405680000,390
133,스포츠/운동,피지컬갤러리,3060000,520580000,628
132,키즈/어린이,카 로봇 Car Robot,3060000,1798410000,3534
134,음식/요리/레시피,5 분 Tricks,3050000,1083890000,3239
135,취미/라이프,사나고 Sanago,3030000,406070000,146
136,음식/요리/레시피,유디티TV,3010000,614810000,1027
137,음식/요리/레시피,FRAN,3000000,1070450000,1797
138,취미/라이프,Thankyou BUBU,2980000,487620000,134
140,TV/방송,옛드 : 옛날 드라마 [드라맛집],2920000,5266490000,46244
139,음악/댄스/가수,새송 Saesong,2920000,295850000,252
142,취미/라이프,odg,2890000,486790000,125
141,TV/방송,JTBC Voyage,2890000,3390880000,7694
143,음악/댄스/가수,HyunA,2860000,395480000,71
144,음식/요리/레시피,양수빈,2850000,505880000,244
145,키즈/어린이,헤이지니 Hey Jini,2800000,1755080000,1252
146,음악/댄스/가수,JAY PARK,2770000,708360000,137
147,음식/요리/레시피,한세 HANSE,2740000,385990000,573
148,취미/라이프,팬케이Pan K The Pancake Artist,2730000,831350000,550
149,TV/방송,런닝맨 - 스브스 공식 채널,2700000,3600830000,53768
150,음악/댄스/가수,Jessi,2690000,412910000,56
151,뉴스/정치/사회,YTN news,2670000,6035890000,572135
153,뉴스/정치/사회,TVCHOSUN - TV조선,2650000,4369030000,67253
152,음식/요리/레시피,나도Nado,2650000,701920000,713
154,음악/댄스/가수,AKMU,2630000,705570000,148
155,음식/요리/레시피,지현꿍,2590000,224410000,97
156,음식/요리/레시피,푸드킹덤 Food Kingdom,2570000,959480000,852
158,취미/라이프,ASMR PPOMO,2540000,684280000,423
157,TV/방송,PLAYLIST ORIGINALS 플레이리스트 오리지널,2540000,986020000,695
159,TV/방송,ATEEZ,2520000,277580000,379
160,음악/댄스/가수,GIRLS' GENERATION,2490000,174270000,79
162,음식/요리/레시피,ZOEY ASMR 조이,2470000,574390000,657
161,키즈/어린이,Boys Playtime,2470000,1181060000,462
163,키즈/어린이,ToyFamily,2450000,420000,38
165,음식/요리/레시피,애정 Aejeong,2440000,396890000,429
164,키즈/어린이,보라미TV BoramiTV,2440000,843710000,595
166,TV/방송,EBSDocumentary (EBS 다큐),2420000,2184200000,29074
167,음악/댄스/가수,THEBLACKLABEL,2390000,527250000,120
168,키즈/어린이,꼬마버스 타요,2370000,1822890000,2358
170,스포츠/운동,김종국 GYM JONG KOOK,2360000,89150000,26
169,게임,도티 TV,2360000,2681250000,3271
171,BJ/인물/연예인,JOLLY,2330000,530370000,358
172,BJ/인물/연예인,International Couple[사샤와 제이],2320000,264060000,159
173,음악/댄스/가수,United CUBE (CUBE Entertainment Official YouTube Channel),2310000,726720000,1574
175,뉴스/정치/사회,SBS Catch,2300000,2222630000,3584
174,BJ/인물/연예인,와썹맨-Wassup Man,2300000,314460000,178
176,음악/댄스/가수,창현노래방,2280000,282070000,824
177,BJ/인물/연예인,흔한남매,2270000,2242420000,824
180,음악/댄스/가수,여자친구 GFRIEND OFFICIAL,2250000,464420000,515
179,BJ/인물/연예인,VIVA DANCE STUDIO,2250000,395870000,2278
178,패션/미용,RISABAE,2250000,269990000,377
182,음악/댄스/가수,채널 NCT MUSIC,2240000,171640000,29
181,음악/댄스/가수,SHINee,2240000,214750000,155
185,음악/댄스/가수,MONSTA X,2230000,280510000,113
184,BJ/인물/연예인,엔조이커플enjoycouple,2230000,818210000,557
183,영화/만화/애니,총몇명,2230000,806590000,327
187,해외,The Wiggles,2220000,2652030000,676
186,음악/댄스/가수,The K-POP,2220000,649710000,8062
189,미분류,GH'S,2210000,934370000,122
188,키즈/어린이,MariAndFriends,2210000,1522380000,1807
191,TV/방송,스브스 예능맛집,2200000,1700220000,3600
190,키즈/어린이,또봇 V · 메탈리온 [Tobot V · Metalions],2200000,2744880000,1913
195,BJ/인물/연예인,진용진,2190000,659600000,433
194,음악/댄스/가수,SUPER JUNIOR,2190000,112820000,219
193,음악/댄스/가수,official IZ*ONE,2190000,579450000,270
192,BJ/인물/연예인,해그린달 haegreendal,2190000,90790000,60
196,음악/댄스/가수,채널 NCT DANCE,2180000,194080000,42
197,음식/요리/레시피,꿀키honeykki,2160000,269100000,429
198,음식/요리/레시피,흥삼이네 Heungsam's Family,2140000,1069350000,1416
199,키즈/어린이,"토닥토닥 꼬모 - 애니메이션, 동요, 놀이",2130000,2517730000,872
201,음악/댄스/가수,OfficialGDRAGON,2110000,66120000,0
200,음악/댄스/가수,4Minute 포미닛(Official YouTube Channel),2110000,1268430000,82
202,게임,감스트GAMST,2100000,1447090000,4470
205,음악/댄스/가수,헨리 Henry Lau,2090000,190800000,175
204,키즈/어린이,[wonderkids TV] 원더키즈 TV,2090000,923880000,939
203,애완/반려동물,수리노을SuriNoel,2090000,728970000,1061
207,영화/만화/애니,레이디버그TV,2070000,124830000,221
206,BJ/인물/연예인,공대생 변승주 DS,2070000,1445830000,1515
209,TV/방송,보길 bogil,2050000,821430000,1118
208,교육/강의,디바제시카DeevaJessica,2050000,862120000,2981
210,음식/요리/레시피,Chihun ASMR 치훈,2040000,363980000,463
211,교육/강의,올리버쌤,2030000,552120000,642
212,TV/방송,퇴경아 약먹자,2020000,340570000,662
213,IT/기술/컴퓨터,ITSub잇섭,2010000,637160000,836
216,음악/댄스/가수,KQ ENTERTAINMENT,2000000,719250000,319
215,음악/댄스/가수,CL Official Channel,2000000,212870000,66
214,키즈/어린이,캐리TV 장난감친구들,2000000,2690300000,2736
217,음식/요리/레시피,JerryPop,1990000,721560000,414
218,게임,잠뜰 TV,1980000,2595810000,2908
219,음식/요리/레시피,도남이먹방Donam,1960000,637440000,832
222,음악/댄스/가수,woolliment,1950000,773910000,805
221,뉴스/정치/사회,SBS 뉴스,1950000,3073980000,119397
220,키즈/어린이,Toy Wizard [토이위자드],1950000,721270000,643
223,음악/댄스/가수,CHEN,1940000,32080000,10
224,TV/방송,아는형님 Knowingbros,1930000,865910000,1814
225,음악/댄스/가수,EXID_OFFICIAL,1920000,652240000,332
227,애완/반려동물,밀키복이탄이MilkyBokiTan,1910000,581200000,387
226,키즈/어린이,뉴욕이네,1910000,866940000,756
228,음식/요리/레시피,FoodieBoy 푸디보이,1890000,660570000,1140
231,뉴스/정치/사회,채널A,1880000,2190840000,24169
230,교육/강의,슈카월드,1880000,297560000,978
229,교육/강의,데이브 World of Dave,1880000,454660000,647
232,TV/방송,tvN D STUDIO,1870000,576000000,1089
233,키즈/어린이,캐릭온 TV,1840000,1900420000,737
236,음악/댄스/가수,ARIRANG K-POP,1830000,735370000,28274
235,뉴스/정치/사회,JTBC News,1830000,2880420000,124151
234,취미/라이프,Imaginative Guy,1830000,587190000,118
237,영화/만화/애니,CheezeFilm,1810000,437580000,219
241,키즈/어린이,Dollightful,1800000,279400000,151
240,음악/댄스/가수,A-YEON,1800000,209450000,60
239,음악/댄스/가수,셀프어쿠스틱selfacoustic,1800000,427430000,159
238,음식/요리/레시피,ASMR Suna 꿀꿀선아,1800000,433990000,324
244,음악/댄스/가수,DAY6,1790000,286220000,359
243,음악/댄스/가수,loonatheworld,1790000,628080000,1058
242,영화/만화/애니,고몽,1790000,751670000,449
246,스포츠/운동,Allblanc TV,1780000,199260000,365
245,음악/댄스/가수,BTOB 비투비 (Official YouTube Channel),1780000,447860000,615
247,영화/만화/애니,짤툰,1770000,1034260000,557
250,음악/댄스/가수,비몽,1760000,929140000,4577
249,게임,악동 김블루,1760000,1032860000,811
248,키즈/어린이,꾹TV(Kkuk TV),1760000,1042100000,1417
252,음악/댄스/가수,MLD ENTERTAINMENT,1750000,710120000,603
251,IT/기술/컴퓨터,밝은 면 Bright Side Korea,1750000,464450000,3516
256,뉴스/정치/사회,MBCNEWS,1740000,4096660000,124516
255,패션/미용,Wishtrend TV,1740000,151130000,854
254,음식/요리/레시피,입짧은햇님,1740000,700640000,2533
253,TV/방송,dingo freestyle,1740000,1023460000,962
258,애완/반려동물,내셔널지오그래픽 - National Geographic Korea,1720000,753870000,3109
257,패션/미용,조효진 HYOJIN,1720000,172200000,314
260,음악/댄스/가수,THE BOYZ,1700000,332420000,536
259,BJ/인물/연예인,보물섬,1700000,1158530000,463
262,게임,양띵 유튜브,1690000,1918710000,7428
261,애완/반려동물,슈앤트리 SHU AND TREE,1690000,370570000,379
265,음악/댄스/가수,OfficialLEEHI,1680000,375040000,105
264,키즈/어린이,대문밖장덕대,1680000,801960000,1648
263,영화/만화/애니,지무비 : G Movie,1680000,586050000,270
267,주식/경제/부동산,신사임당,1660000,233810000,1114
266,음악/댄스/가수,DJ SODA OFFICIAL,1650000,228160000,160
270,스포츠/운동,SPOTV,1640000,1438680000,40863
269,게임,대도서관TV (buzzbean11),1640000,1437850000,9520
268,TV/방송,콬TV,1640000,555800000,790
271,TV/방송,문명특급 - MMTG,1630000,384570000,263
275,뉴스/정치/사회,EBSCulture (EBS 교양),1620000,1207740000,42106
274,음악/댄스/가수,AOMGOFFICIAL,1620000,375170000,363
273,키즈/어린이,유라야놀자(Let's play YURA),1620000,1715880000,1457
272,BJ/인물/연예인,더블비,1620000,980580000,472
279,미분류,INTHESOOP_TV,1610000,34780000,42
278,음악/댄스/가수,GOT7,1610000,22320000,3
277,주식/경제/부동산,삼프로TV_경제의신과함께,1610000,495120000,6344
276,음식/요리/레시피,슈기님,1610000,639860000,1422
281,음악/댄스/가수,PENTAGON 펜타곤 (Official YouTube Channel),1600000,229020000,426
280,음식/요리/레시피,HONG SOUND,1600000,381710000,1025
283,뉴스/정치/사회,디글 클래식 :Diggle Classic,1590000,3764480000,23595
282,패션/미용,Leesuhyun,1590000,73530000,101
287,TV/방송,KBS 한국방송,1580000,1472880000,28772
286,음식/요리/레시피,ETTV 이티티비,1580000,672610000,1088
285,음악/댄스/가수,NU'EST,1580000,236990000,656
284,게임,뜨뜨뜨뜨,1580000,746450000,1517
288,TV/방송,조재원,1570000,409380000,291
291,애완/반려동물,[THE SOY]루퐁이네,1560000,477930000,351
290,음악/댄스/가수,DOJIN도진이,1560000,84190000,52
289,뉴스/정치/사회,진성호방송,1560000,2015860000,8524
294,TV/방송,MBN Entertainment,1550000,1565600000,40884
293,키즈/어린이,지니키즈 Genikids (인기 동요・동화),1550000,1226770000,1230
292,음악/댄스/가수,Daily Busking,1550000,616400000,968
297,음식/요리/레시피,승우아빠,1540000,463250000,631
296,음식/요리/레시피,최고다윽박EUGBAK,1540000,872030000,1586
295,음악/댄스/가수,버블디아,1540000,411490000,1208
298,게임,김재원의 즐거운 세상,1530000,1691080000,1939
299,키즈/어린이,Edu car toy school,1520000,790950000,1300
304,뉴스/정치/사회,KBS Drama Classic,1510000,1387070000,9636
303,키즈/어린이,브라보키즈_BRAVO KIDS,1510000,1559320000,1824
302,패션/미용,ssin 씬님,1510000,439700000,706
301,게임,태경 TV,1510000,2219720000,2613
300,음식/요리/레시피,[Nareum_TV] 나름TV,1510000,552900000,839
305,게임,T1 Faker,1500000,287050000,1224
306,음악/댄스/가수,FNCEnt,1490000,319760000,1455
311,BJ/인물/연예인,[상윤쓰]Sangyoon,1480000,305920000,163
310,음악/댄스/가수,시즌비시즌 Season B Season,1480000,165960000,71
309,취미/라이프,피식대학Psick Univ,1480000,409620000,436
308,음식/요리/레시피,칩chip,1480000,200600000,35
307,BJ/인물/연예인,웃소 Wootso,1480000,1448940000,731
312,BJ/인물/연예인,JAYKEEOUT,1470000,208110000,224
315,BJ/인물/연예인,혜리,1460000,73960000,69
314,음악/댄스/가수,Lemoring,1460000,858040000,508
313,TV/방송,"안구정화TV, Your Korean Friend",1460000,121760000,170
317,TV/방송,KBS HUMAN: 뭉클티비,1450000,760340000,3902
316,음악/댄스/가수,Chuther츄더[문에스더],1450000,207870000,153
319,TV/방송,MKTV 김미경TV,1440000,274130000,1677
318,음식/요리/레시피,ARIKITCHEN (아리키친),1440000,351360000,458
323,키즈/어린이,티디키즈 (인기 동요・동화),1430000,932070000,421
322,음악/댄스/가수,워너뮤직코리아 (Warner Music Korea),1430000,860460000,2663
321,TV/방송,동네놈들,1430000,322520000,296
320,교육/강의,사물궁이 잡학지식,1430000,236330000,295
324,뉴스/정치/사회,신의한수,1420000,1160860000,8721
331,게임,소맥거핀,1410000,391770000,188
330,뉴스/정치/사회,SBS STORY,1410000,1765090000,79633
329,뉴스/정치/사회,KBS News,1410000,2037120000,186812
328,BJ/인물/연예인,급식왕,1410000,1630950000,677
327,뉴스/정치/사회,세바시 강연 Sebasi Talk,1410000,304330000,2061
326,교육/강의,jannahkorea 잔나코리아,1410000,135260000,429
325,음식/요리/레시피,엠브로 MBRO,1410000,0,0
332,음악/댄스/가수,K-Tigers TV,1400000,205970000,467
336,스포츠/운동,식빵언니 김연경Bread Unnie,1390000,76310000,59
335,BJ/인물/연예인,장지수,1390000,446060000,748
334,키즈/어린이,깨비키즈 [KEBIKIDS],1390000,1516310000,1771
333,TV/방송,Mera,1390000,1219730000,7536
338,BJ/인물/연예인,철구형 (CHULTUBE),1380000,1300770000,6928
337,TV/방송,Solfa,1380000,230900000,50
341,음식/요리/레시피,산적TV 밥굽남,1370000,294210000,565
340,교육/강의,체인지그라운드,1370000,261540000,3309
339,BJ/인물/연예인,NALU,1370000,103360000,161
343,취미/라이프,낄낄상회,1360000,369200000,272
342,음악/댄스/가수,BEAST 비스트 (Official YouTube Channel),1360000,589190000,118
345,음식/요리/레시피,이 남자의 cook,1350000,250420000,568
344,영화/만화/애니,김시선,1350000,444770000,399
349,TV/방송,Beginagain 비긴어게인,1340000,554370000,989
348,TV/방송,BLACKHAND,1340000,329050000,50
347,키즈/어린이,헬로카봇 - hello carbot official,1340000,1231250000,1191
346,BJ/인물/연예인,박막례 할머니 Korea_Grandma,1340000,411780000,448
350,BJ/인물/연예인,신세경 sjkuksee,1330000,47830000,34
351,게임,우주하마,1330000,699710000,1886
356,교육/강의,seemile Korean,1320000,94490000,1100
355,음악/댄스/가수,Dreamcatcher official,1320000,353680000,406
354,음악/댄스/가수,선미 SUNMI,1320000,277050000,161
353,음악/댄스/가수,ONEUS,1320000,230540000,378
352,음악/댄스/가수,Apink (에이핑크),1320000,366380000,644
358,음식/요리/레시피,취미로 요리하는 남자 Yonam,1310000,116760000,75
357,게임,침착맨,1310000,813090000,5986
364,미분류,Access,1300000,1146210000,25545
363,음악/댄스/가수,AOA,1300000,686310000,195
362,TV/방송,dingo global DGG,1300000,397490000,405
361,교육/강의,Talk To Me In Korean,1300000,63510000,1725
360,음악/댄스/가수,GENIE MUSIC,1300000,449110000,4137
359,BJ/인물/연예인,정선호,1300000,486160000,439
370,키즈/어린이,뉴욕이랑 컬러,1290000,470220000,509
369,TV/방송,한문철 TV,1290000,1362220000,14663
368,TV/방송,디스커버리 서바이벌 - Discovery Survival,1290000,380740000,458
367,뉴스/정치/사회,채널A 뉴스,1290000,1574740000,64538
366,게임,우왁굳의 게임방송,1290000,1103040000,7382
365,취미/라이프,탱구TV,1290000,46760000,27
373,음악/댄스/가수,Prepix Dance Studio,1280000,226240000,4540
372,음악/댄스/가수,2PM,1280000,375300000,433
371,애완/반려동물,강형욱의 보듬TV - Dog Trainer Kang,1280000,231730000,701
377,TV/방송,14F 일사에프,1270000,423830000,2512
376,패션/미용,lamuqe,1270000,118750000,278
375,음식/요리/레시피,파뿌리,1270000,1153170000,1386
374,TV/방송,딩고 스토리 / dingo story,1270000,286020000,333
382,TV/방송,디글 :Diggle,1260000,2786250000,16118
381,BJ/인물/연예인,임영웅,1260000,1139480000,583
380,음악/댄스/가수,RealVIXX,1260000,373060000,730
379,애완/반려동물,크집사,1260000,229330000,348
378,스포츠/운동,Shoot for Love 슛포러브,1260000,687270000,758
386,TV/방송,잼스터,1250000,373900000,410
385,TV/방송,오킹TV,1250000,513600000,1351
384,TV/방송,eaJ,1250000,51720000,31
383,음악/댄스/가수,MOVE Dance Studio,1250000,263510000,2629
388,TV/방송,오분순삭,1240000,1378550000,1675
387,TV/방송,놀면 뭐하니?,1240000,466340000,621
391,TV/방송,sNack!,1230000,979090000,1928
393,음악/댄스/가수,TJ KARAOKE TJ 노래방 공식 유튜브채널,1230000,1448420000,56084
390,게임,악어 유튜브,1230000,1416640000,6504
389,TV/방송,피키픽처스 Piki Pictures,1230000,455570000,569
394,음악/댄스/가수,SEVENTEEN Japan official Youtube,1220000,204620000,112
392,음악/댄스/가수,official A.C.E,1220000,165650000,569
398,TV/방송,그것이 알고싶다 공식계정,1210000,330390000,568
397,게임,혜안,1210000,455570000,812
396,취미/라이프,휘트니 whitney bae,1210000,306520000,317
395,게임,테스터훈 TesterHoon,1210000,816070000,2399
404,교육/강의,조승연의 탐구생활,1200000,90620000,218
403,TV/방송,KBS CoolFM,1200000,562060000,8957
402,음악/댄스/가수,DaftTaengk,1200000,343740000,4430
401,TV/방송,뻑가 PPKKa,1200000,779560000,809
400,BJ/인물/연예인,ondo온도,1200000,119310000,184
399,음식/요리/레시피,스윗더미 . Sweet The MI,1200000,117380000,318
413,TV/방송,Coreaníssima 엘레나,1190000,80790000,192
412,BJ/인물/연예인,턱형 (GOD-TUK),1190000,416830000,524
411,패션/미용,다또아Daddoa,1190000,94450000,191
410,BJ/인물/연예인,Lia Kim,1190000,66740000,54
409,뉴스/정치/사회,사람사는세상노무현재단,1190000,125930000,878
408,패션/미용,회사원A,1190000,396960000,530
407,취미/라이프,Squash Clay 쪼물쪼물 클레이,1190000,210770000,457
406,음식/요리/레시피,DICKHUNTER딕헌터🌶,1190000,304100000,399
405,BJ/인물/연예인,수상한녀석들,1190000,249300000,167
416,회사/오피셜,미스&미스터트롯 공식계정,1180000,984060000,3436
415,뉴스/정치/사회,TBS 시민의방송,1180000,985910000,35861
414,TV/방송,모비딕 Mobidic,1180000,358800000,1278
418,음식/요리/레시피,우리의식탁 W TABLE,1170000,91150000,368
417,음식/요리/레시피,먹어볼래TryToEat,1170000,177180000,214
420,TV/방송,달라스튜디오,1160000,143610000,94
419,영화/만화/애니,PLAYY ANI 플레이애니,1160000,478930000,673
427,음악/댄스/가수,CLC 씨엘씨 (Official YouTube Channel),1150000,237760000,188
424,음악/댄스/가수,YGTAEYANG,1150000,65230000,26
423,TV/방송,CJ ENM,1150000,1751800000,14887
422,영화/만화/애니,Tooniverse-투니버스,1150000,814910000,3921
421,키즈/어린이,미니카 Minicar,1150000,672090000,1651
428,BJ/인물/연예인,소련여자 Soviet girl in Seoul,1140000,161690000,107
426,TV/방송,티캐스트 tcast,1140000,1304860000,9187
425,BJ/인물/연예인,Cheri Hyeri 체리 혜리,1140000,159430000,371
432,음식/요리/레시피,야식이,1130000,408950000,1255
431,음식/요리/레시피,야식이,1130000,408950000,1255
430,국내/해외/여행,코이티비KOITV,1130000,743980000,1270
429,애완/반려동물,haha ha,1130000,395620000,446
436,IT/기술/컴퓨터,약사가 들려주는 약 이야기,1120000,137200000,468
435,음식/요리/레시피,애주가TV참PD,1120000,519270000,1127
434,애완/반려동물,정브르,1120000,529460000,1561
433,취미/라이프,효기심,1120000,142380000,195
438,음악/댄스/가수,강다니엘 KANGDANIEL,1110000,182240000,122
437,음식/요리/레시피,히밥heebab,1110000,286140000,387
442,스포츠/운동,힙으뜸,1100000,194580000,324
441,음식/요리/레시피,BenDeen,1100000,146720000,318
440,취미/라이프,rappeler하쁠리,1100000,436840000,697
439,게임,릴카,1100000,404200000,936
449,키즈/어린이,woojoo우주,1090000,361000000,85
448,음악/댄스/가수,Rock Music,1090000,583690000,7690
447,음악/댄스/가수,PLEDIS ENTERTAINMENT,1090000,278730000,252
446,TV/방송,Dingo K-Drama,1090000,200110000,411
445,패션/미용,kiu기우쌤,1090000,320700000,342
444,음식/요리/레시피,맛있는 녀석들 (Tasty Guys),1090000,1232290000,3183
443,음악/댄스/가수,UPVOTE Entertainment,1090000,258930000,1276
455,BJ/인물/연예인,헌터퐝,1080000,235900000,284
454,주식/경제/부동산,[삼성증권] Samsung POP,1080000,110760000,1101
453,미분류,1분미만,1080000,241400000,146
460,음악/댄스/가수,MORE THAN YOUTH,1080000,263330000,735
452,TV/방송,V LIVE,1080000,632930000,2821
451,게임,겜브링 GGAM BRING,1080000,1233010000,2155
450,취미/라이프,Bandung Oppa 반둥오빠,1080000,88280000,369
461,뉴스/정치/사회,KBS 다큐,1070000,631500000,50038
459,음악/댄스/가수,CNBLUE (씨엔블루),1070000,218840000,192
458,TV/방송,SK telecom,1070000,811880000,2280
457,교육/강의,법륜스님의 즉문즉설,1070000,699580000,1816
456,키즈/어린이,마이린 TV,1070000,758710000,2373
469,미분류,퍼런안경_BLAS,1060000,233240000,85
468,영화/만화/애니,Puuung,1060000,49960000,307
467,영화/만화/애니,달빛뮤즈,1060000,236670000,408
466,뉴스/정치/사회,비디오머그 - VIDEOMUG,1060000,1742470000,5201
465,영화/만화/애니,드림텔러(DreamTeller),1060000,132960000,134
464,영화/만화/애니,B Man 삐맨,1060000,519840000,553
463,음식/요리/레시피,핫도그TV,1060000,780570000,938
462,TV/방송,이슈텔러 issueTeller,1060000,467030000,594
478,미분류,뽀송한 준_bosungjun,1050000,86710000,111
477,TV/방송,우와한 비디오,1050000,1183060000,1282
476,TV/방송,sankok esl,1050000,8880000,103
475,키즈/어린이,브레드이발소,1050000,469000000,692
474,BJ/인물/연예인,조섭 Jossup,1050000,444640000,1185
473,취미/라이프,집꾸미기,1050000,102960000,235
472,음악/댄스/가수,SUPER SOUND Bugs!,1050000,661730000,3064
471,BJ/인물/연예인,Sibonggyun 시봉균,1050000,63980000,356
470,TV/방송,밍꼬발랄Mingggo,1050000,1344960000,851
481,국내/해외/여행,빠니보틀 Pani Bottle,1040000,208210000,235
480,패션/미용,써니채널 Sunny's Channel,1040000,95800000,166
479,취미/라이프,Kim Miso,1040000,63240000,331
484,주식/경제/부동산,미래에셋 스마트머니,1030000,97400000,1341
483,음악/댄스/가수,빅마블,1030000,8440000,9
482,BJ/인물/연예인,성수커플 - S.S Couple,1030000,0,0
488,미분류,채꾸똥꾸 (Cherry & Dong),1020000,287580000,296
487,영화/만화/애니,DinoCore TUBA,1020000,712950000,928
486,게임,코너Korner,1020000,629190000,627
485,음식/요리/레시피,얌무YAMMoo,1020000,205020000,603
496,미분류,김작가 TV,1010000,195470000,1496
495,미분류,사피엔스 스튜디오,1010000,279560000,3180
494,음식/요리/레시피,수빙수tv sooBingsoo,1010000,307150000,278
493,게임,기리TV,1010000,1028220000,2582
492,교육/강의,공부의신 강성태,1010000,279870000,2690
491,BJ/인물/연예인,유준호,1010000,445090000,1275
490,게임,킴성태TV,1010000,709280000,1660
489,BJ/인물/연예인,소근커플 S.K.Couple,1010000,365100000,415
505,미분류,김소형 채널H,1000000,183410000,797
504,뉴스/정치/사회,뉴스TVCHOSUN,1000000,756910000,67312
503,키즈/어린이,JoyKids,1000000,567150000,162
502,음악/댄스/가수,KIM HYUN JOONG.official,1000000,131120000,343
501,키즈/어린이,마시따 MASITTA,1000000,594660000,221
500,회사/오피셜,KB국민카드,1000000,180380000,475
499,게임,쁘허,1000000,364830000,985
498,TV/방송,딩고 / dingo,1000000,333320000,690
497,취미/라이프,츄팝,1000000,467270000,458
506,해외,TNT,990000,619420000,4448
507,키즈/어린이,퍼플 토이박스(Purple Toy Box),980000,607920000,1374
509,뉴스/정치/사회,SBS Radio 에라오,980000,521540000,16159
508,TV/방송,유병재,980000,150890000,154
510,게임,램램TV,980000,824010000,2274
513,미분류,공부왕찐천재 홍진경,980000,113600000,116
512,음식/요리/레시피,가르마[GARMA],980000,285230000,1159
511,게임,텔론,980000,937290000,3291
514,취미/라이프,제이제이살롱드핏,970000,187730000,438
515,게임,유키 YOUKI,970000,225190000,918
517,취미/라이프,ColorMonsters Toy,970000,545590000,1040
516,스포츠/운동,말왕TV,970000,342990000,901
518,미분류,연스커플 Yeon's Couple,960000,181020000,248
519,음악/댄스/가수,일반인들의 소름돋는 라이브 / Best covers,960000,394150000,3764
520,게임,액션홍구,960000,552400000,2953
521,뉴스/정치/사회,MBN News,950000,1005010000,102875
522,음식/요리/레시피,SOF,950000,356250000,1513
524,TV/방송,키에커,950000,286350000,164
523,BJ/인물/연예인,U.M.A.우마,950000,232090000,141
526,영화/만화/애니,Hello Jadoo TV 안녕 자두야,950000,344540000,474
525,게임,잉여맨 유튜브,950000,864240000,2173
527,뉴스/정치/사회,조선일보,950000,526130000,13367
528,미분류,제발돼라 PleaseBee,950000,206210000,170
529,게임,괴물쥐 유튜브,940000,686200000,930
530,키즈/어린이,Toystar TV,940000,390680000,78
531,음악/댄스/가수,장범준,940000,330120000,504
532,BJ/인물/연예인,슛뚜sueddu,940000,45900000,188
533,미분류,핏블리 FITVELY,940000,228410000,627
534,회사/오피셜,SM C&C STUDIO,930000,118450000,727
535,음악/댄스/가수,MUPLY 뮤플리,930000,263280000,502
538,영화/만화/애니,WatchcarTV,930000,438940000,201
537,TV/방송,it's Live,930000,268520000,510
536,음식/요리/레시피,삼대장 Samdaejang,930000,510520000,1113
541,BJ/인물/연예인,하하 PD HAHA PD,930000,57560000,102
540,미분류,STAYC,930000,247050000,140
539,뉴스/정치/사회,배승희 변호사,930000,518160000,1489
542,패션/미용,디렉터 파이,920000,129530000,276
544,TV/방송,YG TREASURE BOX,920000,260150000,496
543,BJ/인물/연예인,남순 NS,920000,931150000,3547
545,TV/방송,옛능 : MBC 옛날 예능 다시보기,920000,1237350000,2324
547,영화/만화/애니,리뷰엉이: Owl's Review,920000,323580000,474
546,게임,마재TV,920000,678520000,3946
550,미분류,Louis Vuitton,910000,396230000,309
549,음악/댄스/가수,SF9,910000,72960000,299
548,음악/댄스/가수,MUSIC&NEW 뮤직앤뉴,910000,994780000,7051
552,키즈/어린이,토깽이네,910000,935070000,1421
551,음악/댄스/가수,ALiEN,910000,186350000,275
553,미분류,지켜츄 Chuu Can Do It,910000,68990000,87
554,BJ/인물/연예인,띠미 ddimmi,910000,356250000,740
555,영화/만화/애니,신비아파트 공식채널 - Shinbi House,910000,536960000,1338
556,TV/방송,배꼽빌라,910000,292560000,425
557,키즈/어린이,Boram Tube Friends,900000,7320000,73
559,미분류,밀라논나 Milanonna,900000,59120000,87
558,키즈/어린이,액션 Action,900000,435740000,1594
560,키즈/어린이,POYO Music Official,900000,694930000,1514
562,음악/댄스/가수,H1GHR MUSIC,900000,233980000,484
561,패션/미용,Saerom Min개코의 오픈스튜디오,900000,106620000,158
564,미분류,논리왕 전기,890000,102960000,85
563,미분류,엄마의손맛,890000,196010000,594
565,뉴스/정치/사회,신인균의 국방TV,890000,443880000,1738
566,패션/미용,윤쨔미 YoonCharmi,890000,236980000,332
567,BJ/인물/연예인,(MUTUBE)와꾸대장봉준,890000,809080000,7654
568,영화/만화/애니,LICO TV,890000,129140000,188
571,영화/만화/애니,Netflix Korea 넷플릭스 코리아,880000,250780000,1535
570,게임,테드TV,880000,805500000,2241
569,애완/반려동물,소녀의행성 Girlsplanet,880000,300050000,408
572,게임,군림보,880000,620810000,4866
573,IT/기술/컴퓨터,의학채널 비온뒤,880000,207170000,4910
574,해외,Variety,880000,426580000,4194
576,음식/요리/레시피,고기남자 MeatMan,870000,113760000,73
580,TV/방송,준우,870000,233470000,187
575,국내/해외/여행,Sophie Kim _하은,870000,27750000,116
577,TV/방송,김이브님 [kim eve],870000,631520000,2836
578,TV/방송,z a m,870000,597310000,1804
579,키즈/어린이,뚜아뚜지TV,870000,390610000,1305
581,게임,Partition Zion,870000,382350000,944
583,음악/댄스/가수,missA,870000,368950000,49
582,뉴스/정치/사회,딴지방송국,870000,207500000,673
584,게임,머독방송,860000,808350000,11472
586,미분류,미션 파서블,860000,109120000,104
585,음악/댄스/가수,MBC every1,860000,906130000,14713
588,해외,ZeeKay Junior,850000,848710000,884
587,TV/방송,라이프타임,850000,320640000,1605
589,취미/라이프,달려라치킨 Dalchi,850000,215880000,597
591,TV/방송,fantagio 판타지오,850000,201920000,233
590,게임,연다,850000,538720000,1900
593,음악/댄스/가수,HOLLAND,850000,29820000,28
592,BJ/인물/연예인,강유미 yumi kang좋아서 하는 채널,850000,207180000,335
596,음악/댄스/가수,TSENT2008,840000,383610000,445
595,애완/반려동물,냥이아빠,840000,302430000,491
594,게임,돼지저금통,840000,1445510000,5640
597,키즈/어린이,고고다이노 - GOGO DINO,840000,630420000,843
599,게임,울산큰고래 박성주,840000,639680000,3176
598,패션/미용,Jella젤라,840000,60210000,200
601,키즈/어린이,주니토니 동요동화 - 키즈캐슬,840000,718210000,643
600,영화/만화/애니,빨강도깨비,840000,337820000,345
602,교육/강의,라이브 아카데미,830000,77590000,501
604,미분류,Jin & Juice,830000,148510000,202
603,미분류,토모토모TomoTomo,830000,136710000,132
605,미분류,랄로,830000,289620000,363
606,미분류,임한올 Hanol Rim,820000,94770000,146
607,미분류,엠뚜루마뚜루 : MBC 공식 종합 채널,820000,1040290000,1697
608,음악/댄스/가수,PARK JIHOON Official,820000,48480000,210
612,게임,개리형,820000,336410000,579
611,취미/라이프,Mimine Miniature 미미네 미니어처,820000,160670000,162
610,TV/방송,Megan Moon,820000,130570000,524
609,IT/기술/컴퓨터,1분과학,820000,77530000,60
613,음식/요리/레시피,뽐뽐뽐,820000,65970000,194
617,미분류,KCON official,820000,112930000,1442
618,미분류,양장금주부,820000,175670000,579
616,뉴스/정치/사회,빽능 - 스브스 옛날 예능,820000,828110000,2996
615,TV/방송,Zaty Farhani,820000,917330000,1820
614,음식/요리/레시피,서담SEODAM,820000,150070000,244
619,패션/미용,UNA 유나,810000,66410000,157
620,TV/방송,핫소스,810000,583770000,516
622,키즈/어린이,Robot Trains official,810000,609150000,744
621,게임,Dorami,810000,200630000,1082
624,TV/방송,이라이라경 ravely,810000,239720000,359
623,BJ/인물/연예인,쿠쿠크루 - Cuckoo Crew,810000,513060000,716
626,음악/댄스/가수,• m i n a m o c h i •,810000,356940000,118
625,음악/댄스/가수,Jenny Yun,810000,117220000,552
628,게임,T1,810000,232360000,2593
627,음악/댄스/가수,CL,810000,59780000,5
630,게임,김왼팔,810000,514200000,2220
629,주식/경제/부동산,E트렌드,810000,99910000,1764
635,미분류,이리오너라,800000,55390000,1626
634,미분류,TOP MEDIA,800000,178360000,512
633,TV/방송,리모콘 by iHQ,800000,704040000,5420
632,키즈/어린이,메카드 - MECARD OFFICIAL,800000,640850000,1235
631,TV/방송,연합뉴스 통통컬처,800000,539870000,11384
643,미분류,키즐 kizzle,800000,208520000,132
636,음악/댄스/가수,OFFICIAL EPIK HIGH,800000,256000000,214
638,미분류,함께해요 맛나요리,800000,200210000,524
637,음식/요리/레시피,THE BOB - 더 밥 스튜디오,800000,79060000,798
639,영화/만화/애니,람다람,800000,91630000,72
640,패션/미용,areumsongee아름송이,800000,67390000,188
641,TV/방송,이환,800000,259730000,334
642,TV/방송,히스토리,800000,519810000,1920
644,게임,GCL 지씨엘,800000,217190000,317
646,뉴스/정치/사회,KBS 교양,800000,635240000,67279
645,음악/댄스/가수,Official fromis_9,800000,246290000,562
647,미분류,랄랄ralral,800000,163940000,395
649,TV/방송,찬우살이,790000,29510000,154
648,애완/반려동물,다흑,790000,503610000,2424
650,영화/만화/애니,9bul,790000,235550000,206
652,TV/방송,덕출 : DCTVGO,790000,248380000,386
651,뉴스/정치/사회,한국경제TV,790000,228150000,50587
654,키즈/어린이,리틀조이 LittleJoy,790000,221860000,199
653,뉴스/정치/사회,엠빅뉴스,790000,1673990000,3899
655,게임,탁주 TV,780000,1681750000,2092
657,TV/방송,KBS N,780000,1338710000,13719
660,음악/댄스/가수,wondergirls,780000,416940000,217
656,TV/방송,옐언니,780000,200420000,344
659,BJ/인물/연예인,긱블 Geekble,780000,203960000,327
658,BJ/인물/연예인,SUNBA선바,780000,983590000,2292
661,미분류,Tennis TV,780000,613530000,4839
662,미분류,주부나라,780000,188080000,864
663,키즈/어린이,ToyCheff,780000,367140000,453
664,미분류,이재성 박사의 식탁보감,780000,64910000,250
666,음악/댄스/가수,BRANDNEW MUSIC,770000,291470000,1283
665,TV/방송,STUDIO DIA 스튜디오 다이아,770000,205030000,524
669,교육/강의,법륜스님의 희망세상만들기,770000,384520000,753
668,BJ/인물/연예인,StimBoy스팀보이,770000,355590000,637
667,애완/반려동물,속삭이는몽자,770000,194730000,467
670,음악/댄스/가수,Healing Meditation,770000,84820000,241
672,미분류,ROKSEAL,770000,87210000,100
671,영화/만화/애니,DAZBEE official,770000,273120000,126
674,음악/댄스/가수,HyunA 현아 (Official YouTube Channel),770000,102070000,10
673,패션/미용,한별Hanbyul,770000,125260000,274
675,TV/방송,POWER MOVIE,770000,235820000,220
677,미분류,지식한입,770000,59430000,68
676,미분류,SISSEL,770000,24460000,162
679,영화/만화/애니,뭅뭅,770000,346140000,3143
678,뉴스/정치/사회,전옥현 안보정론TV,770000,405210000,4852
681,미분류,굿라이프,760000,92500000,986
680,키즈/어린이,로보카폴리 TV,760000,455230000,1112
682,TV/방송,LDF TV by lottedutyfree,760000,577240000,1275
683,TV/방송,Travel Tube,760000,814360000,1458
685,미분류,루키밍 ROOKIE SLIME,760000,419650000,530
684,미분류,leeminho film,760000,11760000,15
687,TV/방송,뉴스엔·NewsenTV·KOREA Entertainment news,760000,261440000,9205
686,취미/라이프,공대생가족 GDSF,760000,314900000,1228
688,TV/방송,스튜디오 룰루랄라- studio lululala,760000,207810000,929
689,음악/댄스/가수,LJ Dance,750000,108440000,1934
691,음악/댄스/가수,VICTON 빅톤,750000,159740000,723
690,TV/방송,타임스낵,750000,205610000,209
692,미분류,deemd 딤디,750000,73820000,151
695,미분류,메리니즈부엌Meliniskitchen,750000,125530000,128
694,미분류,웅이woongei,750000,181950000,324
693,국내/해외/여행,EBS 컬렉션 - 라이프스타일,750000,450540000,3037
708,음악/댄스/가수,HEADLINER,750000,179890000,199
697,뉴스/정치/사회,연합뉴스TV,750000,980600000,378855
696,교육/강의,닥터프렌즈,750000,149120000,544
701,BJ/인물/연예인,케이,740000,504560000,3126
700,영화/만화/애니,UTZI웃지,740000,194420000,140
699,BJ/인물/연예인,bobaepapa - 보배아빠,740000,341840000,361
698,주식/경제/부동산,부동산 읽어주는 남자,740000,80840000,581
702,미분류,천뚱TV,740000,85890000,53
704,패션/미용,Yoo's Beauty 희주,740000,23000000,109
703,음악/댄스/가수,Yuni Marimba 유니 마림바,740000,97930000,112
707,미분류,Golden Disc Awards,740000,200230000,501
706,음악/댄스/가수,HYOLYN 효린,740000,147550000,119
705,TV/방송,Kyunghamin твоя корейская онни,740000,66800000,344
709,미분류,육식맨 YOOXICMAN,740000,126760000,112
711,미분류,직업의모든것,740000,268090000,314
710,음악/댄스/가수,PianiCast - 피아니캐스트,740000,194870000,107
712,TV/방송,김달,730000,250490000,749
713,음악/댄스/가수,DKDKTV,730000,160380000,1148
715,영화/만화/애니,Sechi,730000,244140000,286
714,미분류,랭킹스쿨 Ranking School,730000,405170000,708
717,애완/반려동물,시바견 곰이탱이여우,730000,382550000,1269
716,게임,김성회의 G식백과,730000,164620000,254
718,패션/미용,엘리엘라 EllyElla,730000,206240000,314
720,미분류,1분요리 뚝딱이형,730000,105420000,153
719,뉴스/정치/사회,가로세로연구소,730000,499570000,3221
721,음악/댄스/가수,MBC WORLD,730000,554280000,4756
722,패션/미용,yeondukong 연두콩,720000,95940000,375
723,게임,러너꽃빈TV,720000,601560000,3204
725,음악/댄스/가수,B1A4 OFFICIAL +,720000,188180000,330
724,패션/미용,sunnydahye,720000,51120000,334
727,미분류,팩토리,720000,77120000,29
726,음식/요리/레시피,입질의추억TV jiminTV,720000,220690000,361
728,취미/라이프,DanoTV,720000,133790000,568
729,미분류,스토리,720000,105840000,45
730,취미/라이프,Soy ASMR,720000,148650000,449
732,미분류,DAWN,710000,50630000,34
731,취미/라이프,Ouvir 오비르,710000,123080000,161
734,키즈/어린이,지호토이TV JIHOTOY,710000,566290000,1866
733,BJ/인물/연예인,대륙남TV [clark tv],710000,401790000,3135
735,게임,스페셜솔져 - 모바일FPS,710000,15040000,137
736,뉴스/정치/사회,채널A 뉴스TOP10,710000,586020000,16876
739,미분류,815머니톡,710000,193960000,3137
738,음식/요리/레시피,띠예,710000,84370000,40
737,TV/방송,걍밍경,710000,47130000,43
742,미분류,BODA 보다,710000,341000000,816
741,TV/방송,시미켄 TV,710000,87930000,86
740,교육/강의,친절한 대학,710000,66980000,598
746,BJ/인물/연예인,상해기SangHyuk,710000,163720000,355
745,키즈/어린이,코코몽 COCOMONG TV - Cartoon & Song For Kids,710000,872630000,1202
744,BJ/인물/연예인,송대익 songdaeik,710000,381980000,440
743,패션/미용,김습습Double Soup,710000,56450000,291
748,미분류,과나gwana,710000,105830000,87
747,뉴스/정치/사회,스브스뉴스 SUBUSU NEWS,710000,775510000,2639
750,음악/댄스/가수,임창정,710000,221370000,307
749,교육/강의,BLACK DOOR,710000,97170000,383
754,미분류,짧은대본 ShortPaper,700000,165910000,154
753,음악/댄스/가수,Bigman,700000,55710000,46
752,음식/요리/레시피,인아짱 Inah Eats,700000,153610000,1021
751,음식/요리/레시피,허미노MINO,700000,271580000,1727
756,BJ/인물/연예인,요리왕비룡 Korean Food Cooking,700000,146770000,626
755,TV/방송,smile -wA-,700000,529610000,5338
758,미분류,SM STATION,700000,53190000,91
757,뉴스/정치/사회,Newstapa,700000,243930000,3829
759,음식/요리/레시피,윰댕(yum-cast),700000,518090000,3237
765,미분류,Bravo jamoasi,700000,138610000,98
760,패션/미용,헤이즐 Heizle,700000,76440000,303
762,뉴스/정치/사회,성제준,700000,252010000,1156
761,뉴스/정치/사회,이봉규TV,700000,476850000,7677
766,미분류,나르앤나르시Nar.Couple,700000,86890000,145
764,음악/댄스/가수,SonyToby,700000,72440000,100
763,BJ/인물/연예인,외질혜 (OzilTube),700000,435280000,1587
768,키즈/어린이,ToyMoon토이문,700000,262790000,251
767,자동차,우파푸른하늘Woopa TV,700000,391820000,1096
771,미분류,CU [씨유튜브],690000,21690000,252
770,미분류,뀨러기 [kkyuleogi],690000,184970000,256
769,게임,Charming Jo 조매력,690000,197820000,1206
773,게임,밍모,690000,456690000,1530
772,음악/댄스/가수,TEEN TOP Official,690000,199650000,781
774,키즈/어린이,애니한TV AnnieHanTV,690000,679810000,1203
776,미분류,[윤이련]50년 요리비결,690000,177280000,344
775,TV/방송,나혼자산다 STUDIO,690000,233540000,317
777,음악/댄스/가수,MBK Entertainment [Official],690000,398910000,417
778,미분류,Kep1er,690000,5870000,3
781,키즈/어린이,간니닌니 다이어리,680000,642140000,1858
780,뉴스/정치/사회,펜앤드마이크TV,680000,483250000,11048
779,TV/방송,SIMI TV,680000,88040000,151
782,음식/요리/레시피,키미 Kimi,680000,49600000,98
783,자동차,김한용의 MOCAR,680000,326630000,1305
785,미분류,이슈왕 TV,680000,377130000,1163
784,BJ/인물/연예인,난쟁이성현,680000,129640000,569
787,TV/방송,제이제이,680000,207790000,535
786,교육/강의,입시덕후,680000,298970000,437
789,게임,수탉,670000,334620000,1378
788,영화/만화/애니,써리의 영상툰 SSULY TOON,670000,468150000,945
791,TV/방송,KBS 같이삽시다,670000,335430000,3576
790,패션/미용,에바EVA,670000,95900000,264
792,취미/라이프,미니미니 MiniMini,670000,329610000,327
795,미분류,자취요리신 simple cooking,670000,67960000,194
794,TV/방송,백만뷰,670000,491510000,9348
793,게임,문호준,670000,435300000,1102
798,미분류,알간지Alganzi,670000,89120000,177
797,미분류,방가네,670000,161560000,199
796,음식/요리/레시피,권회훈,670000,271770000,1280
800,미분류,[ASMR]nara_나라,660000,100760000,152
799,영화/만화/애니,CK Animation School_2016-2018,660000,216460000,698
801,TV/방송,레바스튜디오,660000,302340000,439
803,BJ/인물/연예인,김도고 Doggo Kim,660000,168260000,158
802,패션/미용,새벽,660000,94700000,505
805,음악/댄스/가수,GIRL'S DAY,660000,251210000,150
804,음식/요리/레시피,Team_SeikaTV(팀세이카),660000,136020000,115
809,미분류,복지마블TV [Welfare Marble],660000,69840000,290
808,영화/만화/애니,홍시네마,660000,220210000,173
807,음악/댄스/가수,조싀앤바믜 Josh & Bamui,660000,184940000,195
806,스포츠/운동,JK 아트사커 온라인,660000,247140000,441
810,미분류,시니어전성시대,660000,92090000,192
811,미분류,하알라,660000,166190000,206
812,게임,Official Dopa,660000,309070000,1268
813,주식/경제/부동산,코스픽(KosPick),650000,29480000,1754
815,뉴스/정치/사회,MTN 머니투데이방송,650000,590290000,58480
814,패션/미용,Dear.Jerry제리,650000,43330000,163
817,키즈/어린이,뽀로로 타요 장난감 놀이교실,650000,429160000,808
816,게임,강 지,650000,511410000,1170
818,미분류,지피티,650000,152050000,760
820,미분류,집밥 korean home cooking,650000,115660000,670
819,패션/미용,Ha Neul오늘의 하늘,650000,106160000,306
822,TV/방송,PANGKICK 팡킥,650000,214900000,85
821,패션/미용,로즈하ROSEHA,650000,73450000,184
823,게임,LCK,650000,551400000,4298
824,TV/방송,MBC 미스터리 : 심야괴담회 X 서프라이즈,650000,286100000,1309
825,패션/미용,Q2HAN,650000,73440000,719
827,TV/방송,tweety 트위티,650000,82030000,176
826,BJ/인물/연예인,깨박이,650000,380920000,1254
829,미분류,송슐랭 가이드 - SONGCHELIN GUIDE,650000,20160000,135
828,패션/미용,LENA,650000,180000,1
832,뉴스/정치/사회,팩트TV NEWS,640000,621090000,21030
831,TV/방송,Spinel CAM,640000,695600000,8658
830,키즈/어린이,뿌직PPUJIG,640000,501590000,441
834,미분류,과학드림 [Science Dream],640000,111930000,112
833,미분류,지기TV,640000,166350000,754
835,미분류,유 퀴즈 온 더 튜브,640000,281700000,2879
836,음악/댄스/가수,BELLA&LUCAS 벨라앤루카스,640000,78090000,299
837,패션/미용,금강연화,640000,245940000,635
838,TV/방송,김용호연예부장,640000,127190000,260
843,미분류,할명수,640000,53140000,79
842,음악/댄스/가수,정동원TV,640000,216870000,274
841,TV/방송,KBS동물티비 : 애니멀포유 animal4u,640000,429830000,1821
840,패션/미용,会社員J,640000,131420000,421
839,IT/기술/컴퓨터,UNDERkg,640000,341940000,2330
845,TV/방송,매미킴 TV,640000,170120000,274
844,게임,퀸톨 TV,640000,477370000,2171
846,패션/미용,도영도영이,630000,45290000,165
847,취미/라이프,희철리즘Heechulism,630000,155070000,262
849,스포츠/운동,강하나 스트레칭_stretching,630000,59400000,332
848,패션/미용,소윤Soyoon,630000,63000000,167
851,키즈/어린이,손오공,630000,654230000,749
850,취미/라이프,김나영의 nofilterTV,630000,124830000,334
853,미분류,[에일리 OFFICIAL] aileemusic,630000,99770000,147
858,미분류,단하나 DANHANA,630000,98030000,68
852,TV/방송,MAXIM KOREA,630000,347270000,2119
856,음악/댄스/가수,다이아나Diana,630000,175830000,1803
855,음악/댄스/가수,lEtudel,630000,240950000,2310
854,음식/요리/레시피,sini시니,630000,243570000,708
859,미분류,곽튜브KWAKTUBE,630000,106030000,214
857,취미/라이프,이연LEEYEON,630000,44890000,190
860,TV/방송,OCN,630000,594620000,12147
861,게임,유소나,620000,200940000,714
862,음식/요리/레시피,한식푸우 Korean food,620000,252440000,1623
863,취미/라이프,여정을떠난여정,620000,141710000,294
865,TV/방송,Rio y Christian,620000,54760000,296
864,취미/라이프,딩가의 회전목마 DINGA,620000,73500000,172
867,미분류,꼰대희,620000,105830000,135
866,패션/미용,LeoJ Makeup,620000,95900000,257
869,미분류,캡틴 파추호 Captain PaChuHO,620000,38060000,54
868,음식/요리/레시피,맛상무,620000,237170000,1291
870,미분류,김대석 셰프TV,620000,69870000,289
872,게임,코아 TV,620000,461960000,1120
871,BJ/인물/연예인,예씨 yessii,620000,399720000,835
873,키즈/어린이,지니어드벤쳐 GeniAdventure (공룡∙과학 Dinosaurs),610000,600340000,422
875,게임,저라뎃 JUSTLIKETHAT,610000,602200000,3041
874,주식/경제/부동산,단희TV,610000,70810000,941
877,TV/방송,tvN insight,610000,215160000,1825
876,게임,눈쟁이,610000,253830000,2201
879,미분류,깨방정,610000,193270000,408
878,게임,삼식,610000,223070000,1913
881,TV/방송,KBS Entertain: 깔깔티비,610000,892480000,5276
880,교육/강의,동심파괴,610000,191940000,450
882,미분류,조여사전성시대,610000,124280000,480
885,미분류,McDonald's,610000,114350000,210
884,IT/기술/컴퓨터,테크몽 Techmong,610000,91940000,336
883,취미,여락이들_,610000,146790000,347
886,음식/요리/레시피,바다곰 조해웅Seabear,610000,133660000,418
892,미분류,또모TOWMOO,600000,155810000,210
891,미분류,달리 [SBS 교양 공식채널],600000,170790000,413
890,음악/댄스/가수,SUGA - Topic,600000,0,0
889,패션/미용,골근위수영뷰티아카데미,600000,431000000,397
888,게임,JUNE,600000,659400000,1365
887,TV/방송,NICKY니키,600000,194560000,744
893,미분류,로하Roha,600000,84850000,120
895,미분류,바라던 바다,600000,223680000,498
894,음악/댄스/가수,FTISLAND (FT아일랜드),600000,147190000,145
897,음악/댄스/가수,노래하는코트,600000,319520000,2297
896,TV/방송,씨그널V [ Signal V ],600000,215130000,625
900,미분류,쏘대장,600000,126730000,334
899,TV/방송,KBS 1라디오,600000,230930000,12190
898,TV/방송,코니tv conitv,600000,102880000,488
901,교육/강의,Conversational Korean,600000,19590000,346
903,패션/미용,아옳이,600000,110740000,167
902,TV/방송,티키틱 TIKITIK,600000,131460000,152
912,음식/요리/레시피,영자씨의 부엌Young-Ja's Kitchen,600000,133720000,1001
904,키즈/어린이,Ace Art 에이스 아트,600000,302750000,742
906,미분류,BRUSH,590000,253950000,339
905,게임,TV대정령,590000,636640000,7523
909,TV/방송,Olive,590000,665990000,17125
908,TV/방송,drighk fancam 2015,590000,420090000,5263
907,미분류,영기티비,590000,99700000,234
910,게임,진호,590000,327300000,2525
911,영화/만화/애니,소개해주는 남자,590000,179420000,243
913,TV/방송,석준이가해,590000,134700000,233
916,미분류,땅콩 Peanut,590000,240630000,18
915,미분류,고누리,590000,241540000,585
914,게임,로이조 TV,590000,436170000,2691
917,패션/미용,leeanfilm리안,590000,50510000,191
919,미분류,근황올림픽,590000,286020000,269
918,게임,서넹,590000,219820000,2870
921,미분류,검은고양이 다홍 Blackcat Dahong,590000,36920000,44
920,미분류,에버랜드 - EVERLAND,590000,185690000,2073
922,애완/반려동물,김메주와 고양이들,590000,202770000,1014
923,취미/라이프,ConCorea TV,580000,14730000,629
924,뉴스/정치/사회,쓸모왕,580000,458500000,746
925,TV/방송,STATV,580000,197310000,7620
927,뉴스/정치/사회,OhmynewsTV,580000,420270000,14625
926,뉴스/정치/사회,고성국TV,580000,45020000,695
928,미분류,코믹마트,580000,208370000,280
933,음식/요리/레시피,정육왕 MeatCreator,580000,138310000,451
931,BJ/인물/연예인,풍자테레비,580000,271640000,1797
930,뉴스/정치/사회,MediaVOP,580000,760270000,17595
929,취미/라이프,공구왕황부장,580000,123490000,476
932,키즈/어린이,Troom Troom Kr,580000,396950000,1994
935,뉴스/정치/사회,서울의소리 Voice of Seoul,580000,275500000,8116
934,음식/요리/레시피,[Flower pig]꽃돼지,580000,202720000,1267
936,뉴스/정치/사회,여수MBC Music+(Kpop&Trot),580000,365270000,12759
941,교육/강의,굉장한 실험실,580000,289450000,201
939,뉴스/정치/사회,국방TV,580000,535640000,11420
938,해외,Ashley Mariee,580000,56260000,2046
937,IT/기술/컴퓨터,MR엠알,580000,88680000,402
940,미분류,김흥미,570000,0,0
942,미분류,청정구역,570000,198230000,488
943,미분류,드립팩토리 [Dlib Factory],570000,205910000,209
953,미분류,Wolves,570000,133190000,2002
952,BJ/인물/연예인,덕자전성시대,570000,70850000,176
951,미분류,일주어터,570000,106380000,174
949,음악/댄스/가수,God DongMin갓동민,570000,95060000,999
948,음악/댄스/가수,INFINITE,570000,45000000,192
947,TV/방송,공돌이 용달,570000,174010000,214
946,회사/오피셜,FILA KOREA,570000,103780000,501
945,음악/댄스/가수,온스테이지ONSTAGE,570000,244390000,2375
944,키즈/어린이,Clevr TV [클레버티비],570000,563210000,1855
950,미분류,양세브라더스,570000,24770000,16
955,음식/요리/레시피,더스쿱The SCOOP,570000,85710000,406
954,BJ/인물/연예인,최홍철,570000,148320000,278
958,게임,자몽티비,570000,555170000,2166
957,게임,형독방송,570000,525070000,1840
956,취미/라이프,TAU,570000,352510000,106
960,미분류,free지아,570000,96340000,216
959,음악/댄스/가수,May J Lee 메이제이 리,570000,29330000,48
962,미분류,Ed Sheeran - Topic,570000,1439940000,588
961,미분류,앗무만 ATMUMAN,570000,57170000,38
964,패션/미용,안다 ANDA,570000,37810000,182
963,음악/댄스/가수,TVXQ!,570000,38560000,75
967,미분류,LunLuns,560000,171250000,249
966,영화/만화/애니,토킹톰앤프렌즈,560000,232600000,257
965,애완/반려동물,Arirang은 고양이들내가 주인,560000,173040000,409
968,TV/방송,은하캠핑,560000,111100000,212
970,BJ/인물/연예인,엣지님,560000,200040000,1649
969,TV/방송,스튜디오V [ STUDIO V ],560000,170500000,346
971,음식/요리/레시피,SINCOOK - 신쿡,560000,104460000,497
972,패션/미용,다영 DAYEONG,560000,77160000,369
975,미분류,Everton Football Club,560000,156780000,2607
974,미분류,유이뿅YUIPYON,560000,148790000,322
973,키즈/어린이,캐리TV 주니어,560000,634830000,1450
979,TV/방송,목포MBC 가요센터,560000,208060000,4162
978,음악/댄스/가수,Flow Music,560000,124770000,509
977,TV/방송,Ripple_S,560000,325660000,785
976,TV/방송,레이디액션,560000,309640000,390
983,미분류,Melon 멜론,560000,75380000,288
982,미분류,Super K-슈퍼개미김정환,560000,57160000,532
981,음악/댄스/가수,Trouble Maker (Official YouTube Channel),560000,189540000,9
980,패션/미용,디렉터 짱구대디,560000,183400000,1827
987,미분류,KBS 골든케이팝,550000,390690000,9406
986,취미/라이프,샬이 Shal.E,550000,22430000,63
985,음악/댄스/가수,DanalEntertainment,550000,305230000,9568
984,음식/요리/레시피,창배먹방 chang_bae,550000,256890000,1337
990,미분류,쿡피아 Cookpia,550000,75390000,154
989,뉴스/정치/사회,Arirang News,550000,248410000,127230
988,교육/강의,수린 suzlnne,550000,44150000,134
991,TV/방송,쌈바홍 ssambahong,550000,41890000,197
995,미분류,밉지않은 관종언니,550000,79660000,186
994,미분류,정라레_Lifestyle Doctor,550000,76430000,289
993,미분류,규티비 KYUHYUN,550000,22470000,75
992,음악/댄스/가수,달마발 Darlim&Hamabal,550000,145660000,162
996,음악/댄스/가수,Reynah,550000,148880000,246
997,TV/방송,J.Y. Park,550000,93730000,90
998,게임,[ALTUBE] 김성현TV,550000,422100000,2121
1000,게임,방앗간 비둘기,550000,356900000,4381
999,게임,빅헤드,550000,326600000,3540
